{
  "mtx_left": [
    [
      1581.6983495600523,
      0.0,
      1255.715276113844
    ],
    [
      0.0,
      1588.1152258967743,
      778.693242190761
    ],
    [
      0.0,
      0.0,
      1.0
    ]
  ],
  "dist_left": [
    [
      -0.3611308309601657,
      0.16940704644187993,
      -0.0027503615192360892,
      0.0015233913635436694,
      -0.052415171789264504
    ]
  ],
  "mtx_right": [
    [
      1588.7631437974796,
      0.0,
      1240.1210580147927
    ],
    [
      0.0,
      1591.450112203023,
      735.7631555823255
    ],
    [
      0.0,
      0.0,
      1.0
    ]
  ],
  "dist_right": [
    [
      -0.3276154591826522,
      0.13839517173398738,
      0.0016581830556477366,
      0.004563946337882161,
      -0.032467365523866795
    ]
  ],
  "R": [
    [
      0.9997800653769413,
      -0.010292723406027994,
      0.018272403229078117
    ],
    [
      0.009654175605275673,
      0.9993512544089532,
      0.0346967895436179
    ],
    [
      -0.018617673545895067,
      -0.034512753528784336,
      0.9992308302267299
    ]
  ],
  "T": [
    [
      -297.1389315523067
    ],
    [
      2.0772243944651794
    ],
    [
      2.834236637520891
    ]
  ],
  "baseline_mm": 297.1597085786511,
  "error_left": 0.7845822083377736,
  "error_right": 0.8500941125890821,
  "error_stereo": 1.2976033289557398,
  "board_size": [
    9,
    6
  ],
  "square_size_mm": 24.2,
  "num_images": 200,
  "image_size": [
    2560,
    1440
  ]
}